case_id,status,reason,source row,case_type,review_status,order_id,orders.product,orders.delivery_date,issue.reported_delivery_date,issue.issue_type,issue.evidence_status,human_review.decision
MCS-501,ACCEPT,All rules passed: joined to order MR-501 (Blue jacket); issue record RETURN_WINDOW found; delivery dates agree (2026-09-10). | Prior human review HR-901 (Support lead): ALLOW_STANDARD_FLOW. Order and request match the current return rule | Note: human_reviews.csv was extracted more than 24 hours from the run time (VR-008 load warning).,support_cases 1,RETURN,PENDING,MR-501,Blue jacket,2026-09-10,2026-09-10,RETURN_WINDOW,NOT_REQUIRED,ALLOW_STANDARD_FLOW (HR-901)
MCS-502,HUMAN REVIEW,"VR-006: delivery dates disagree; orders says 2026-09-15, issue_records says 2026-09-14; the pipeline cannot decide source ownership. | Prior human review HR-902 (Operations reviewer): NEEDS_SOURCE_OWNER. Two systems report different delivery dates | Note: human_reviews.csv was extracted more than 24 hours from the run time (VR-008 load warning).",support_cases 2,DAMAGE,PENDING,MR-502,Travel backpack,2026-09-15,2026-09-14,DAMAGED_ITEM,PHOTO_ATTACHED,NEEDS_SOURCE_OWNER (HR-902)
MCS-503,REJECT,VR-005: orders.delivery_date '17-09-2026' on MR-503 is not a valid YYYY-MM-DD date; the failed order blocks this case bundle.,support_cases 3,RETURN,PENDING,MR-503,Cotton shirt,17-09-2026,2026-09-17,LATE_RETURN,NOT_REQUIRED,
MCS-504,REJECT,VR-003: case_type is RETURN but order_id is blank; the required relationship cannot be established.,support_cases 4,RETURN,PENDING,,,,,RETURN_REQUEST,NOT_REQUIRED,
MCS-505,REJECT,"VR-004: review_status 'APPROVED_COMPLETE' is not one of PENDING, APPROVED, REJECTED; the downstream meaning is not agreed.",support_cases 5,GENERAL,APPROVED_COMPLETE,MR-505,Account service item,2026-09-04,,ACCOUNT_QUESTION,NOT_REQUIRED,
MCS-510,REJECT,"VR-002: case_id MCS-510 appears 2 times in support_cases (rows 6, 7); every occurrence fails.",support_cases 6,RETURN,PENDING,MR-510,Wool scarf,2026-09-11,2026-09-11,RETURN_WINDOW,NOT_REQUIRED,
MCS-510,REJECT,"VR-002: case_id MCS-510 appears 2 times in support_cases (rows 6, 7); every occurrence fails.",support_cases 7,RETURN,PENDING,MR-510,Wool scarf,2026-09-11,2026-09-11,RETURN_WINDOW,NOT_REQUIRED,
,REJECT,VR-001: case_id is blank (support_cases row 8); the case cannot be traced or connected reliably.,support_cases 8,GENERAL,PENDING,MR-511,Care guide,2026-09-17,,,,
MCS-506,ACCEPT,All rules passed: joined to order MR-506 (Black trousers); issue record SIZE_EXCHANGE found; delivery dates agree (2026-09-12).,support_cases 9,RETURN,APPROVED,MR-506,Black trousers,2026-09-12,2026-09-12,SIZE_EXCHANGE,NOT_REQUIRED,
MCS-507,ACCEPT,All rules passed: joined to order MR-507 (Ceramic mug); issue record DAMAGED_ITEM found; delivery dates agree (2026-09-16). | Prior human review HR-903 (Support lead): ALLOW_DAMAGE_FLOW. Photo evidence is attached and readable | Note: human_reviews.csv was extracted more than 24 hours from the run time (VR-008 load warning).,support_cases 10,DAMAGE,PENDING,MR-507,Ceramic mug,2026-09-16,2026-09-16,DAMAGED_ITEM,PHOTO_ATTACHED,ALLOW_DAMAGE_FLOW (HR-903)
MCS-508,ACCEPT,All rules passed: no order linked (GENERAL case); issue record PRODUCT_INFORMATION found. | Prior human review HR-904 (Knowledge specialist): ANSWER_FROM_CATALOGUE. Material information is available in the catalogue | Note: human_reviews.csv was extracted more than 24 hours from the run time (VR-008 load warning).,support_cases 11,GENERAL,PENDING,,,,,PRODUCT_INFORMATION,NOT_REQUIRED,ANSWER_FROM_CATALOGUE (HR-904)
MCS-509,ACCEPT,All rules passed: joined to order MR-509 (Red cap); issue record WRONG_ITEM found; delivery dates agree (2026-09-14).,support_cases 12,DAMAGE,REJECTED,MR-509,Red cap,2026-09-14,2026-09-14,WRONG_ITEM,PHOTO_ATTACHED,