order_id,product,order_date,delivery_date,payment_status,extract_generated_at
MR-501,Blue jacket,2026-09-05,2026-09-10,PAID,2026-09-18T09:45:00Z
MR-502,Travel backpack,2026-09-08,2026-09-15,PAID,2026-09-18T09:45:00Z
MR-503,Cotton shirt,2026-09-09,17-09-2026,PAID,2026-09-18T09:45:00Z
MR-505,Account service item,2026-09-01,2026-09-04,PAID,2026-09-18T09:45:00Z
MR-506,Black trousers,2026-09-07,2026-09-12,PAID,2026-09-18T09:45:00Z
MR-507,Ceramic mug,2026-09-11,2026-09-16,PAID,2026-09-18T09:45:00Z
MR-509,Red cap,2026-09-10,2026-09-14,PAID,2026-09-18T09:45:00Z
MR-510,Wool scarf,2026-09-06,2026-09-11,PAID,2026-09-18T09:45:00Z
MR-511,Care guide,2026-09-12,2026-09-17,PAID,2026-09-18T09:45:00Z
